<?xml version="1.0" encoding="UTF-8"?>
<executable>
  <category>Automated Dental Tools.Advanced</category>
  <index>1</index>
  <title>PRE_ASO_CBCT</title>
  <description><![CDATA[This is a CLI module that can be bundled in an extension]]></description>
  <version>0.0.1</version>
  <documentation-url>https://github.com/username/project</documentation-url>
  <license>Slicer</license>
  <contributor>FirstName LastName (Institution), FirstName LastName (Institution)</contributor>
  <acknowledgements>This work was partially funded by NIH grant NXNNXXNNNNNN-NNXN</acknowledgements>

  <parameters>

    <label>IO</label>
    <description><![CDATA[Input/output parameters]]></description>
    
    <string>
      <name>input</name>
      <label>input</label>
      <index>0</index>
      <description>Path for the input.</description>
    </string>

    <string>
      <name>output_folder</name>
      <label>output_folder</label>
      <index>1</index>
      <description>Output Path</description>
    </string>

    <string>
      <name>model_folder</name>
      <label>model_folder</label>
      <index>2</index>
      <description>Folder with model files</description>
    </string>

    <string>
      <name>SmallFOV</name>
      <label>SmallFOV</label>
      <index>4</index>
      <description>Boolean to say whether or not the input file is a Small FOV</description>
    </string>    

    <string>
      <name>temp_folder</name>
      <label>temp_folder</label>
      <index>5</index>
      <description>Temp folder for pre aso resample for lightning models</description>
    </string>    

    <string>
      <name>DCMInput</name>
      <label>DCMInput</label>
      <index>6</index>
      <description>Is Dicom as Input</description>
    </string>

  </parameters>
</executable>
